date,description,amount,balance,category
2025-01-01,NETFLIX.COM,-1386.67,1568459.93,entertainment
2025-01-01,BOLT RIDE,-804.73,1569846.6,transport
2025-01-01,CHECKERS,-1133.31,956206.16,groceries
2025-01-02,SALARY ACME LTD,19344.13,1385835.73,income
2025-01-02,PICK N PAY,-54.51,1063963.12,groceries
2025-01-02,KFC,-514.01,1355154.26,restaurants
2025-01-02,NETFLIX.COM,-415.93,944945.42,entertainment
2025-01-03,NANDO'S,-1464.42,198112.4,restaurants
2025-01-03,VODACOM BILL,-614.76,407882.78,utilities
2025-01-03,KFC,-756.6,860081.56,restaurants
2025-01-03,MCDONALDS,-178.23,1380962.49,restaurants
2025-01-04,SALARY ACME LTD,8612.19,1259557.69,income
2025-01-05,KFC,-78.06,196029.12,restaurants
2025-01-05,TRANSFER FROM SAVINGS,20228.39,946609.52,income
2025-01-05,SPAR,-989.51,863477.57,groceries
2025-01-05,UBER TRIP,-1100.18,403533.31,transport
2025-01-05,STEAM PURCHASE,-1317.69,196794.71,entertainment
2025-01-06,NETFLIX.COM,-689.78,61263.38,entertainment
2025-01-06,STEERS,-245.84,737705.0,restaurants
2025-01-06,SALARY ACME LTD,15931.27,1452880.44,income
2025-01-06,MTN AIRTIME,-1009.59,1720763.22,utilities
2025-01-06,BP FUEL,-843.07,951235.46,transport
2025-01-07,ELECTRICITY PREPAID,-677.89,1575366.05,utilities
2025-01-08,VODACOM BILL,-968.6,1651478.34,utilities
2025-01-09,BP FUEL,-457.76,1127831.2,transport
2025-01-09,WOOLWORTHS,-854.27,955351.89,groceries
2025-01-09,NETFLIX.COM,-1219.4,1398109.62,entertainment
2025-01-10,TRANSFER FROM SAVINGS,11823.66,1319497.46,income
2025-01-10,SALARY ACME LTD,12162.68,427833.66,income
2025-01-11,MCDONALDS,-869.87,521791.95,restaurants
2025-01-12,BP FUEL,-253.39,1323340.93,transport
2025-01-13,CHECKERS,-264.87,523107.69,groceries
2025-01-13,PICK N PAY,-848.82,945760.7,groceries
2025-01-14,VODACOM BILL,-759.87,706711.64,utilities
2025-01-14,WOOLWORTHS,-1052.45,1465777.89,groceries
2025-01-15,MCDONALDS,-1297.67,1084963.73,restaurants
2025-01-16,STEERS,-1094.65,1590694.66,restaurants
2025-01-16,SALARY ACME LTD,13346.71,1620293.86,income
2025-01-17,VODACOM BILL,-1034.3,1091576.73,utilities
2025-01-17,ELECTRICITY PREPAID,-579.24,725967.68,utilities
2025-01-18,BOLT RIDE,-869.05,449974.56,transport
2025-01-18,REFUND,11500.78,435913.07,income
2025-01-18,SPAR,-1206.37,733557.87,groceries
2025-01-18,SPAR,-975.69,227520.54,groceries
2025-01-19,DSTV,-1025.42,1539989.27,entertainment
2025-01-19,NETFLIX.COM,-716.17,1652446.94,entertainment
2025-01-20,VODACOM BILL,-810.61,1619483.25,utilities
2025-01-20,CHECKERS,-1028.93,517101.73,groceries
2025-01-21,MTN AIRTIME,-1493.57,868668.18,utilities
2025-01-21,DSTV,-660.53,402872.78,entertainment
2025-01-21,MCDONALDS,-1229.88,1081142.73,restaurants
2025-01-21,CITY OF CAPE TOWN WATER,-1418.97,1713253.08,utilities
2025-01-22,SPAR,-1483.09,862717.64,groceries
2025-01-23,SALARY ACME LTD,7783.91,1663338.36,income
2025-01-23,SALARY ACME LTD,10649.56,1572949.15,income
2025-01-23,CHECKERS,-1245.27,1400257.74,groceries
2025-01-23,NANDO'S,-273.3,292381.25,restaurants
2025-01-24,BP FUEL,-642.26,1654166.94,transport
2025-01-24,TRANSFER FROM SAVINGS,18967.29,371521.89,income
2025-01-24,STEERS,-1195.23,1081949.74,restaurants
2025-01-24,ELECTRICITY PREPAID,-715.46,1591789.31,utilities
2025-01-24,PICK N PAY,-743.22,843013.9,groceries
2025-01-24,REFUND,8769.27,198878.51,income
2025-01-24,PICK N PAY,-1461.57,1710583.79,groceries
2025-01-25,WOOLWORTHS,-435.18,1250945.5,groceries
2025-01-25,TRANSFER FROM SAVINGS,21839.27,171365.28,income
2025-01-25,SALARY ACME LTD,18565.64,79130.0,income
2025-01-25,TRANSFER FROM SAVINGS,12335.22,844571.49,income
2025-01-25,BOLT RIDE,-1290.68,1136139.36,transport
2025-01-25,SPAR,-568.25,1090162.34,groceries
2025-01-26,MTN AIRTIME,-576.9,1321907.62,utilities
2025-01-26,CHECKERS,-135.17,1026359.13,groceries
2025-01-26,KFC,-177.8,859953.17,restaurants
2025-01-26,BP FUEL,-492.51,555594.47,transport
2025-01-26,KFC,-637.84,856161.9,restaurants
2025-01-26,UBER TRIP,-678.68,451746.37,transport
2025-01-27,ELECTRICITY PREPAID,-958.62,1518475.17,utilities
2025-01-27,CHECKERS,-555.29,1032559.87,groceries
2025-01-28,BOLT RIDE,-1184.88,1318193.67,transport
2025-01-28,MCDONALDS,-872.2,861132.39,restaurants
2025-01-28,DSTV,-238.14,736244.0,entertainment
2025-01-28,CITY OF CAPE TOWN WATER,-33.13,1026494.3,utilities
2025-01-29,DSTV,-461.53,576619.26,entertainment
2025-01-29,MTN AIRTIME,-579.25,121145.69,utilities
2025-01-29,MCDONALDS,-289.06,868202.54,restaurants
2025-01-30,FREELANCE PAYMENT,19807.51,928268.38,income
2025-01-30,CHECKERS,-136.64,807299.61,groceries
2025-01-30,SPOTIFY,-807.34,1330454.03,entertainment
2025-01-31,SALARY ACME LTD,13916.45,1689490.18,income
2025-02-01,VODACOM BILL,-1019.67,907570.49,utilities
2025-02-01,PICK N PAY,-566.53,1402396.04,groceries
2025-02-01,TRANSFER FROM SAVINGS,23490.67,1341684.34,income
2025-02-02,MTN AIRTIME,-1249.73,221983.76,utilities
2025-02-02,WOOLWORTHS,-408.36,1384689.12,groceries
2025-02-02,MTN AIRTIME,-531.81,897000.73,utilities
2025-02-02,TRANSFER FROM SAVINGS,5342.41,575572.42,income
2025-02-03,FREELANCE PAYMENT,3409.9,810576.93,income
2025-02-03,STEAM PURCHASE,-1082.72,730281.27,entertainment
2025-02-03,VODACOM BILL,-1011.64,1601411.11,utilities
2025-02-03,BP FUEL,-1232.16,622297.66,transport
2025-02-03,UBER TRIP,-1023.48,1320310.61,transport
2025-02-05,BP FUEL,-1424.29,1586662.7,transport
2025-02-05,SHELL PETROL,-1247.7,891100.23,transport
2025-02-05,VODACOM BILL,-758.29,1295814.68,utilities
2025-02-06,SPOTIFY,-555.3,571657.49,entertainment
2025-02-06,ELECTRICITY PREPAID,-1454.93,1679721.85,utilities
2025-02-07,SPOTIFY,-70.36,1539918.91,entertainment
2025-02-07,FREELANCE PAYMENT,14823.11,1416320.05,income
2025-02-07,CHECKERS,-160.47,867046.53,groceries
2025-02-08,BP FUEL,-696.07,1449811.92,transport
2025-02-08,UBER TRIP,-1195.74,1534061.12,transport
2025-02-09,MTN AIRTIME,-1375.05,792613.11,utilities
2025-02-09,SPOTIFY,-130.14,250771.62,entertainment
2025-02-09,MCDONALDS,-1316.63,1661530.31,restaurants
2025-02-12,NANDO'S,-212.85,872933.68,restaurants
2025-02-12,CITY OF CAPE TOWN WATER,-143.86,1449668.06,utilities
2025-02-12,TRANSFER FROM SAVINGS,13255.05,1394217.54,income
2025-02-13,SPOTIFY,-608.03,661016.89,entertainment
2025-02-13,FREELANCE PAYMENT,9051.14,586999.4,income
2025-02-15,CHECKERS,-1116.17,454159.49,groceries
2025-02-15,CHECKERS,-371.69,90971.09,groceries
2025-02-15,DSTV,-749.19,1381140.72,entertainment
2025-02-16,DSTV,-709.64,952078.53,entertainment
2025-02-16,UBER TRIP,-601.39,625387.56,transport
2025-02-16,SHELL PETROL,-1375.96,83006.01,transport
2025-02-18,ELECTRICITY PREPAID,-695.07,1498099.52,utilities
2025-02-18,SPOTIFY,-1080.1,707836.76,entertainment
2025-02-19,SALARY ACME LTD,2361.43,1033646.93,income
2025-02-19,MTN AIRTIME,-639.23,893151.85,utilities
2025-02-20,STEAM PURCHASE,-171.85,864467.08,entertainment
2025-02-20,UBER TRIP,-913.9,884182.56,transport
2025-02-20,STEAM PURCHASE,-248.78,907321.71,entertainment
2025-02-21,FREELANCE PAYMENT,15591.06,1655635.02,income
2025-02-21,REFUND,22715.26,787955.81,income
2025-02-21,UBER TRIP,-85.69,1538627.06,transport
2025-02-21,SALARY ACME LTD,13054.14,530155.87,income
2025-02-22,CITY OF CAPE TOWN WATER,-1478.59,86392.06,utilities
2025-02-22,DSTV,-750.77,3788.31,entertainment
2025-02-23,CHECKERS,-242.95,1688944.85,groceries
2025-02-23,MCDONALDS,-959.63,571586.99,restaurants
2025-02-23,SPOTIFY,-26.72,1693299.99,entertainment
2025-02-23,REFUND,3251.16,819546.95,income
2025-02-23,BOLT RIDE,-1440.03,570655.51,transport
2025-02-23,BOLT RIDE,-1226.05,1498794.59,transport
2025-02-23,MTN AIRTIME,-1433.52,904799.13,utilities
2025-02-25,VODACOM BILL,-682.36,1465690.69,utilities
2025-02-25,STEERS,-254.0,87121.07,restaurants
2025-02-26,PICK N PAY,-445.66,890631.71,groceries
2025-02-26,SHELL PETROL,-879.95,901055.71,transport
2025-02-26,NANDO'S,-112.74,908590.16,restaurants
2025-02-26,STEERS,-764.94,237928.54,restaurants
2025-02-26,CITY OF CAPE TOWN WATER,-938.55,569643.06,utilities
2025-02-26,ELECTRICITY PREPAID,-436.18,1407030.43,utilities
2025-02-28,UBER TRIP,-1425.13,1197634.94,transport
2025-03-01,ELECTRICITY PREPAID,-237.58,832958.79,utilities
2025-03-01,BP FUEL,-1126.34,607583.48,transport
2025-03-02,WOOLWORTHS,-397.91,1577141.73,groceries
2025-03-02,WOOLWORTHS,-1025.34,876391.82,groceries
2025-03-03,MTN AIRTIME,-585.69,857761.76,utilities
2025-03-03,UBER TRIP,-1201.34,891077.37,transport
2025-03-03,STEAM PURCHASE,-1396.35,523811.75,entertainment
2025-03-03,SPAR,-399.35,945361.35,groceries
2025-03-04,BOLT RIDE,-454.27,406961.32,transport
2025-03-04,KFC,-606.59,65768.1,restaurants
2025-03-05,PICK N PAY,-1483.15,701938.61,groceries
2025-03-06,MCDONALDS,-309.35,899539.86,restaurants
2025-03-07,SHELL PETROL,-1237.05,807167.03,transport
2025-03-07,NANDO'S,-1058.36,926381.13,restaurants
2025-03-07,BOLT RIDE,-1168.9,1500110.26,transport
2025-03-07,UBER TRIP,-1089.37,489818.13,transport
2025-03-07,STEERS,-622.15,524093.42,restaurants
2025-03-07,NETFLIX.COM,-191.76,1381889.91,entertainment
2025-03-07,UBER TRIP,-955.84,1184176.27,transport
2025-03-07,UBER TRIP,-864.87,624522.69,transport
2025-03-07,ELECTRICITY PREPAID,-270.62,888514.87,utilities
2025-03-08,ELECTRICITY PREPAID,-1437.5,835303.24,utilities
2025-03-08,SHELL PETROL,-651.78,1683317.7,transport
2025-03-08,FREELANCE PAYMENT,22337.29,143482.98,income
2025-03-09,VODACOM BILL,-551.89,1712660.75,utilities
2025-03-10,SPAR,-761.74,450984.63,groceries
2025-03-10,FREELANCE PAYMENT,11188.24,1543818.04,income
2025-03-10,UBER TRIP,-438.01,452600.8,transport
2025-03-10,TRANSFER FROM SAVINGS,2722.45,1542526.13,income
2025-03-10,ELECTRICITY PREPAID,-610.33,1031949.54,utilities
2025-03-11,SPOTIFY,-1167.09,865879.44,entertainment
2025-03-11,UBER TRIP,-694.54,832264.25,transport
2025-03-11,ELECTRICITY PREPAID,-352.39,1111740.18,utilities
2025-03-11,NETFLIX.COM,-1045.34,1037602.31,entertainment
2025-03-12,STEERS,-706.19,1019946.7,restaurants
2025-03-12,REFUND,16062.84,417910.25,income
2025-03-12,VODACOM BILL,-157.55,1503358.03,utilities
2025-03-12,VODACOM BILL,-736.96,860838.16,utilities
2025-03-13,NETFLIX.COM,-1176.21,1496651.36,entertainment
2025-03-13,WOOLWORTHS,-1201.48,1502156.55,groceries
2025-03-13,KFC,-1058.09,1710281.37,restaurants
2025-03-14,FREELANCE PAYMENT,4539.17,524715.57,income
2025-03-14,REFUND,21451.93,737950.84,income
2025-03-14,CITY OF CAPE TOWN WATER,-1091.96,1148306.33,utilities
2025-03-15,STEERS,-87.0,1031862.54,restaurants
2025-03-15,TRANSFER FROM SAVINGS,9837.32,270117.6,income
2025-03-15,STEERS,-207.44,1019739.26,restaurants
2025-03-15,VODACOM BILL,-915.62,1382498.61,utilities
2025-03-16,SALARY ACME LTD,4450.63,1397398.92,income
2025-03-16,SPAR,-668.75,1083144.97,groceries
2025-03-17,DSTV,-980.94,1201293.23,entertainment
2025-03-18,FREELANCE PAYMENT,16490.01,407415.59,income
2025-03-18,TRANSFER FROM SAVINGS,7749.16,1156055.49,income
2025-03-19,PICK N PAY,-31.06,1681349.54,groceries
2025-03-19,FREELANCE PAYMENT,19608.44,40635.86,income
2025-03-19,DSTV,-677.95,660338.94,entertainment
2025-03-20,STEAM PURCHASE,-1233.98,424412.29,entertainment
2025-03-20,NETFLIX.COM,-1430.9,1393756.05,entertainment
2025-03-20,VODACOM BILL,-926.97,521928.89,utilities
2025-03-21,MCDONALDS,-695.32,1219526.67,restaurants
2025-03-21,FREELANCE PAYMENT,18481.55,1562299.59,income
2025-03-21,VODACOM BILL,-982.72,1354171.54,utilities
2025-03-21,NETFLIX.COM,-1343.77,1316689.29,entertainment
2025-03-21,CHECKERS,-1119.09,1687825.76,groceries
2025-03-22,STEAM PURCHASE,-771.71,878298.69,entertainment
2025-03-22,BP FUEL,-1152.57,121724.94,transport
2025-03-22,STEAM PURCHASE,-1462.6,864374.78,entertainment
2025-03-22,REFUND,24828.22,1183756.17,income
2025-03-23,SPAR,-964.12,223233.49,groceries
2025-03-24,UBER TRIP,-824.14,261496.99,transport
2025-03-25,BOLT RIDE,-373.1,1624580.09,transport
2025-03-25,SHELL PETROL,-1165.19,405796.13,transport
2025-03-25,SHELL PETROL,-1115.57,861575.12,transport
2025-03-26,SPOTIFY,-867.56,1023590.4,entertainment
2025-03-26,STEAM PURCHASE,-753.27,860379.12,entertainment
2025-03-26,WOOLWORTHS,-696.25,201856.19,groceries
2025-03-27,VODACOM BILL,-166.8,63140.22,utilities
2025-03-27,SALARY ACME LTD,21417.87,1357094.12,income
2025-03-27,MCDONALDS,-1308.84,1655554.45,restaurants
2025-03-28,WOOLWORTHS,-828.89,927439.49,groceries
2025-03-28,REFUND,22933.42,976939.44,income
2025-03-28,MTN AIRTIME,-945.21,580013.66,utilities
2025-03-28,SALARY ACME LTD,8917.18,1202274.17,income
2025-03-28,SPAR,-1474.99,862690.69,groceries
2025-03-29,REFUND,17818.05,908702.9,income
2025-03-29,ELECTRICITY PREPAID,-1066.58,889565.13,utilities
2025-03-29,MCDONALDS,-741.23,873146.53,restaurants
2025-03-29,MCDONALDS,-410.86,861714.95,restaurants
2025-03-29,PICK N PAY,-1349.09,908836.86,groceries
2025-03-30,SPAR,-1363.09,1031664.96,groceries
2025-03-30,PICK N PAY,-299.37,1031365.59,groceries
2025-03-30,BP FUEL,-1071.13,716498.91,transport
2025-03-31,SHELL PETROL,-1240.51,864638.93,transport
2025-03-31,NETFLIX.COM,-133.58,1395899.66,entertainment
2025-04-02,CITY OF CAPE TOWN WATER,-1089.06,906232.65,utilities
2025-04-02,WOOLWORTHS,-1160.94,636822.69,groceries
2025-04-02,NETFLIX.COM,-1169.79,1574196.26,entertainment
2025-04-03,NANDO'S,-1499.55,1385097.48,restaurants
2025-04-03,MTN AIRTIME,-1302.94,1500853.61,utilities
2025-04-04,WOOLWORTHS,-1257.17,1231655.33,groceries
2025-04-05,MTN AIRTIME,-1331.47,1684655.32,utilities
2025-04-06,MCDONALDS,-609.82,1280825.61,restaurants
2025-04-06,VODACOM BILL,-1001.55,192227.88,utilities
2025-04-06,BOLT RIDE,-714.96,708916.86,transport
2025-04-06,MTN AIRTIME,-168.88,398179.48,utilities
2025-04-07,STEAM PURCHASE,-318.95,1393898.59,entertainment
2025-04-07,BP FUEL,-999.46,570230.01,transport
2025-04-07,SALARY ACME LTD,14748.12,874701.29,income
2025-04-07,STEAM PURCHASE,-1437.49,1540320.71,entertainment
2025-04-07,MTN AIRTIME,-176.3,1496790.3,utilities
2025-04-08,NETFLIX.COM,-558.01,1051454.16,entertainment
2025-04-08,FREELANCE PAYMENT,22212.45,491246.17,income
2025-04-08,CITY OF CAPE TOWN WATER,-87.07,621479.78,utilities
2025-04-09,STEERS,-201.88,80646.42,restaurants
2025-04-09,SALARY ACME LTD,24730.17,888207.74,income
2025-04-10,CHECKERS,-433.72,833196.37,groceries
2025-04-10,STEERS,-858.62,1059117.77,restaurants
2025-04-11,SHELL PETROL,-1318.32,1401503.01,transport
2025-04-11,ELECTRICITY PREPAID,-418.14,904380.99,utilities
2025-04-11,TRANSFER FROM SAVINGS,11762.82,1578744.12,income
2025-04-12,NETFLIX.COM,-43.19,1200065.2,entertainment
2025-04-12,MTN AIRTIME,-825.82,1654809.2,utilities
2025-04-13,MTN AIRTIME,-1308.62,880402.78,utilities
2025-04-13,BOLT RIDE,-1427.92,1689589.9,transport
2025-04-13,BOLT RIDE,-1070.08,416840.17,transport
2025-04-13,MTN AIRTIME,-1210.36,1675573.73,utilities
2025-04-13,VODACOM BILL,-40.53,1323594.32,utilities
2025-04-14,REFUND,15370.37,1038647.65,income
2025-04-15,MCDONALDS,-932.24,1575358.21,restaurants
2025-04-16,BOLT RIDE,-509.15,624456.83,transport
2025-04-16,CITY OF CAPE TOWN WATER,-260.53,1031285.5,utilities
2025-04-16,STEERS,-899.3,958645.81,restaurants
2025-04-17,UBER TRIP,-1313.07,1199980.16,transport
2025-04-18,FREELANCE PAYMENT,10682.9,556086.98,income
2025-04-19,FREELANCE PAYMENT,5873.65,572155.2,income
2025-04-21,CITY OF CAPE TOWN WATER,-1157.89,1405872.54,utilities
2025-04-21,CHECKERS,-675.94,575878.09,groceries
2025-04-21,KFC,-1059.96,109915.11,restaurants
2025-04-22,BP FUEL,-296.66,399886.85,transport
2025-04-22,DSTV,-838.89,879563.89,entertainment
2025-04-22,VODACOM BILL,-1301.6,1091220.44,utilities
2025-04-23,BP FUEL,-949.18,1196414.03,transport
2025-04-23,CITY OF CAPE TOWN WATER,-750.88,237177.66,utilities
2025-04-24,SPAR,-1034.26,1017265.39,groceries
2025-04-24,BP FUEL,-832.97,1500020.64,transport
2025-04-24,STEAM PURCHASE,-857.05,903399.99,entertainment
2025-04-25,MCDONALDS,-152.14,521776.75,restaurants
2025-04-25,STEAM PURCHASE,-1029.51,1718180.76,entertainment
2025-04-25,NETFLIX.COM,-1413.51,1024457.96,entertainment
2025-04-25,NETFLIX.COM,-1497.53,355469.23,entertainment
2025-04-26,MTN AIRTIME,-261.06,809264.56,utilities
2025-04-26,PICK N PAY,-1206.64,1090370.09,groceries
2025-04-26,STEERS,-862.61,426971.05,restaurants
2025-04-26,REFUND,20354.39,997293.83,income
2025-04-26,TRANSFER FROM SAVINGS,13673.64,1308051.46,income
2025-04-27,SALARY ACME LTD,21710.42,608709.82,income
2025-04-27,MCDONALDS,-1067.3,1727518.9,restaurants
2025-04-27,BP FUEL,-365.25,707471.51,transport
2025-04-29,PICK N PAY,-471.7,871228.01,groceries
2025-04-29,STEERS,-894.47,1680455.07,restaurants
2025-04-29,STEAM PURCHASE,-1109.68,1408543.18,entertainment
2025-04-30,VODACOM BILL,-77.07,238693.48,utilities
2025-04-30,UBER TRIP,-262.35,1026527.43,transport
2025-05-01,DSTV,-1460.7,1383228.42,entertainment
2025-05-01,NANDO'S,-93.62,573040.38,restaurants
2025-05-02,UBER TRIP,-1213.21,724754.47,transport
2025-05-02,DSTV,-1156.47,1339515.19,entertainment
2025-05-02,REFUND,7838.5,149526.01,income
2025-05-02,STEAM PURCHASE,-949.82,1034810.55,entertainment
2025-05-02,NETFLIX.COM,-232.37,520176.4,entertainment
2025-05-02,REFUND,24067.12,1520718.48,income
2025-05-03,FREELANCE PAYMENT,24033.14,1021326.97,income
2025-05-03,SPAR,-74.5,201781.69,groceries
2025-05-04,STEAM PURCHASE,-592.05,1231063.28,entertainment
2025-05-04,MCDONALDS,-427.43,1319159.87,restaurants
2025-05-04,ELECTRICITY PREPAID,-1018.39,453141.1,utilities
2025-05-05,REFUND,13750.22,411333.9,income
2025-05-06,SPOTIFY,-466.53,409723.5,entertainment
2025-05-07,SPOTIFY,-227.28,1090597.84,entertainment
2025-05-08,CHECKERS,-979.63,108935.48,groceries
2025-05-08,BOLT RIDE,-204.0,836740.74,transport
2025-05-08,SPOTIFY,-1393.12,1323634.85,entertainment
2025-05-08,REFUND,22527.07,765320.04,income
2025-05-09,STEAM PURCHASE,-91.05,405705.08,entertainment
2025-05-09,SPOTIFY,-780.96,566281.55,entertainment
2025-05-09,SALARY ACME LTD,3416.85,1158927.95,income
2025-05-09,MCDONALDS,-460.67,1079758.69,restaurants
2025-05-09,SPOTIFY,-1088.68,518130.66,entertainment
2025-05-10,NETFLIX.COM,-178.06,1681176.78,entertainment
2025-05-10,CITY OF CAPE TOWN WATER,-1024.6,606558.88,utilities
2025-05-10,CHECKERS,-195.3,1383414.23,groceries
2025-05-11,DSTV,-284.1,572615.63,entertainment
2025-05-11,STEERS,-253.01,957339.47,restaurants
2025-05-12,MTN AIRTIME,-487.66,1025871.47,utilities
2025-05-12,MTN AIRTIME,-1351.26,79120.24,utilities
2025-05-12,STEERS,-332.62,1294377.82,restaurants
2025-05-12,STEERS,-643.98,87375.07,restaurants
2025-05-13,MCDONALDS,-921.0,1099436.95,restaurants
2025-05-13,MTN AIRTIME,-1222.86,736482.14,utilities
2025-05-13,DSTV,-742.59,1137430.04,entertainment
2025-05-14,BOLT RIDE,-566.03,8530.72,transport
2025-05-14,PICK N PAY,-498.04,226069.84,groceries
2025-05-16,SHELL PETROL,-1439.63,1251380.68,transport
2025-05-16,KFC,-649.04,193286.01,restaurants
2025-05-16,UBER TRIP,-1007.79,1576686.55,transport
2025-05-16,UBER TRIP,-1407.51,703681.45,transport
2025-05-16,SHELL PETROL,-34.0,726546.92,transport
2025-05-18,PICK N PAY,-962.02,856799.74,groceries
2025-05-18,BOLT RIDE,-156.22,868046.32,transport
2025-05-18,SPOTIFY,-1361.35,404343.73,entertainment
2025-05-18,PICK N PAY,-1334.64,1691965.35,groceries
2025-05-18,STEERS,-928.72,1399329.02,restaurants
2025-05-19,FREELANCE PAYMENT,17064.03,1033797.27,income
2025-05-19,MTN AIRTIME,-279.07,571229.47,utilities
2025-05-20,STEAM PURCHASE,-374.46,1339051.02,entertainment
2025-05-20,VODACOM BILL,-450.15,1088620.29,utilities
2025-05-20,WOOLWORTHS,-326.08,662062.64,groceries
2025-05-20,WOOLWORTHS,-701.14,633230.78,groceries
2025-05-20,SALARY ACME LTD,16006.98,892398.8,income
2025-05-21,TRANSFER FROM SAVINGS,6368.2,639598.98,income
2025-05-21,STEAM PURCHASE,-474.58,1088145.71,entertainment
2025-05-21,UBER TRIP,-1206.91,1185285.38,transport
2025-05-22,CHECKERS,-971.93,1384863.8,groceries
2025-05-22,NETFLIX.COM,-1196.7,85924.37,entertainment
2025-05-22,STEERS,-1020.08,718975.32,restaurants
2025-05-22,MTN AIRTIME,-1310.43,1391651.86,utilities
2025-05-22,CHECKERS,-1193.61,861479.69,groceries
2025-05-23,TRANSFER FROM SAVINGS,10310.52,1596156.8,income
2025-05-23,WOOLWORTHS,-1108.74,526266.56,groceries
2025-05-23,WOOLWORTHS,-362.74,1411108.99,groceries
2025-05-23,NANDO'S,-813.53,873887.76,restaurants
2025-05-24,STEAM PURCHASE,-565.41,1195151.09,entertainment
2025-05-24,STEAM PURCHASE,-1045.64,196107.18,entertainment
2025-05-24,KFC,-851.28,1576290.45,restaurants
2025-05-24,TRANSFER FROM SAVINGS,5359.53,1189115.7,income
2025-05-25,CITY OF CAPE TOWN WATER,-141.02,450843.61,utilities
2025-05-26,CITY OF CAPE TOWN WATER,-679.99,5262.65,utilities
2025-05-26,CHECKERS,-1172.01,862437.69,groceries
2025-05-27,NETFLIX.COM,-770.51,567698.8,entertainment
2025-05-28,NETFLIX.COM,-655.68,1128288.96,entertainment
2025-05-28,KFC,-920.09,1199060.07,restaurants
2025-05-28,MCDONALDS,-1118.03,1588086.99,restaurants
2025-05-29,NANDO'S,-711.6,906758.95,restaurants
2025-05-29,UBER TRIP,-590.89,219233.89,transport
2025-05-29,MTN AIRTIME,-1076.57,1407466.61,utilities
2025-05-30,KFC,-693.41,1215089.39,restaurants
2025-05-30,DSTV,-333.76,143149.22,entertainment
2025-05-31,KFC,-1071.73,1061049.6,restaurants
2025-05-31,BP FUEL,-412.74,859613.0,transport
2025-06-01,MCDONALDS,-101.55,1411471.73,restaurants
2025-06-02,FREELANCE PAYMENT,9767.94,88592.65,income
2025-06-03,WOOLWORTHS,-793.76,1392962.29,groceries
2025-06-04,SPOTIFY,-385.27,197623.2,entertainment
2025-06-04,STEAM PURCHASE,-486.24,1035760.37,entertainment
2025-06-04,FREELANCE PAYMENT,24649.95,1284207.64,income
2025-06-05,CITY OF CAPE TOWN WATER,-1449.58,1679005.49,utilities
2025-06-05,ELECTRICITY PREPAID,-854.08,1657549.77,utilities
2025-06-05,REFUND,20355.08,744831.53,income
2025-06-05,DSTV,-123.95,904257.04,entertainment
2025-06-05,SHELL PETROL,-870.77,640331.56,transport
2025-06-05,REFUND,5019.39,1401726.51,income
2025-06-05,CITY OF CAPE TOWN WATER,-892.63,80848.3,utilities
2025-06-06,NETFLIX.COM,-555.72,1497543.8,entertainment
2025-06-06,NETFLIX.COM,-174.92,80471.5,entertainment
2025-06-06,PICK N PAY,-1280.39,726580.92,groceries
2025-06-06,STEERS,-470.38,197152.82,restaurants
2025-06-07,STEERS,-577.2,1496966.6,restaurants
2025-06-07,MTN AIRTIME,-1219.83,735024.17,utilities
2025-06-07,NETFLIX.COM,-1177.55,1092522.04,entertainment
2025-06-07,SHELL PETROL,-289.48,1307761.98,transport
2025-06-08,STEAM PURCHASE,-823.5,898716.36,entertainment
2025-06-08,DSTV,-615.39,1712045.36,entertainment
2025-06-08,REFUND,13334.8,1149398.29,income
2025-06-08,KFC,-730.81,621566.85,restaurants
2025-06-08,CITY OF CAPE TOWN WATER,-21.87,1689468.31,utilities
2025-06-08,SPOTIFY,-475.52,1394071.57,entertainment
2025-06-08,NANDO'S,-1235.9,1092397.85,restaurants
2025-06-08,SPOTIFY,-730.88,1403601.13,entertainment
2025-06-09,SALARY ACME LTD,3226.31,1468932.62,income
2025-06-10,MCDONALDS,-501.25,809856.26,restaurants
2025-06-10,UBER TRIP,-520.29,40115.57,transport
2025-06-11,SHELL PETROL,-793.37,218440.52,transport
2025-06-11,MTN AIRTIME,-348.42,1234829.65,utilities
2025-06-12,DSTV,-929.11,637983.63,entertainment
2025-06-12,ELECTRICITY PREPAID,-416.94,1382081.67,utilities
2025-06-12,MTN AIRTIME,-1422.95,1450650.55,utilities
2025-06-13,CHECKERS,-332.32,1717848.44,groceries
2025-06-13,FREELANCE PAYMENT,20062.92,625988.95,income
2025-06-13,BOLT RIDE,-311.88,862125.81,transport
2025-06-14,CITY OF CAPE TOWN WATER,-816.42,1585846.28,utilities
2025-06-14,BOLT RIDE,-556.59,1098016.07,transport
2025-06-14,DSTV,-595.8,397583.68,entertainment
2025-06-14,WOOLWORTHS,-334.38,1112092.57,groceries
2025-06-15,NETFLIX.COM,-352.18,65415.92,entertainment
2025-06-15,MCDONALDS,-303.33,85306.35,restaurants
2025-06-15,SPAR,-532.15,1016733.24,groceries
2025-06-15,NANDO'S,-236.8,1400442.0,restaurants
2025-06-16,TRANSFER FROM SAVINGS,21593.33,1503515.58,income
2025-06-16,UBER TRIP,-1483.68,742792.97,transport
2025-06-16,CITY OF CAPE TOWN WATER,-402.1,1689187.8,utilities
2025-06-16,FREELANCE PAYMENT,3834.1,9096.75,income
2025-06-17,SALARY ACME LTD,2591.74,862673.3,income
2025-06-17,STEAM PURCHASE,-210.82,1034599.73,entertainment
2025-06-18,SALARY ACME LTD,9760.11,1100357.95,income
2025-06-18,NANDO'S,-548.32,1464379.34,restaurants
2025-06-18,REFUND,8329.76,1627813.01,income
2025-06-18,STEERS,-950.3,1392948.29,restaurants
2025-06-18,NETFLIX.COM,-385.28,1198622.81,entertainment
2025-06-19,TRANSFER FROM SAVINGS,22074.22,1711339.46,income
2025-06-19,CITY OF CAPE TOWN WATER,-526.59,1687299.17,utilities
2025-06-20,STEAM PURCHASE,-56.58,193229.43,entertainment
2025-06-20,BP FUEL,-205.17,960121.87,transport
2025-06-21,PICK N PAY,-151.41,1216219.64,groceries
2025-06-21,STEERS,-176.58,868491.6,restaurants
2025-06-21,MCDONALDS,-1045.11,1393026.46,restaurants
2025-06-22,STEAM PURCHASE,-605.69,1321301.93,entertainment
2025-06-22,KFC,-1312.68,1027975.7,restaurants
2025-06-23,ELECTRICITY PREPAID,-623.73,1719364.68,utilities
2025-06-23,MCDONALDS,-26.5,1716410.25,restaurants
2025-06-25,SALARY ACME LTD,17289.61,1201465.88,income
2025-06-25,BOLT RIDE,-418.32,1722726.27,transport
2025-06-26,NANDO'S,-153.27,1185132.11,restaurants
2025-06-26,SALARY ACME LTD,5589.22,865837.38,income
2025-06-26,ELECTRICITY PREPAID,-856.51,806443.1,utilities
2025-06-26,WOOLWORTHS,-823.69,1319790.92,groceries
2025-06-26,FREELANCE PAYMENT,6027.22,1606947.15,income
2025-06-27,SHELL PETROL,-376.27,791850.59,transport
2025-06-27,KFC,-1098.93,1087046.78,restaurants
2025-06-27,MCDONALDS,-391.86,901935.66,restaurants
2025-06-27,NETFLIX.COM,-32.53,1336970.91,entertainment
2025-06-28,FREELANCE PAYMENT,9690.01,92696.02,income
2025-06-29,REFUND,23596.13,1541014.69,income
2025-06-29,ELECTRICITY PREPAID,-899.1,1401496.94,utilities
2025-06-30,SPAR,-1324.78,425646.27,groceries
2025-06-30,BP FUEL,-1337.31,578676.35,transport
2025-07-01,STEERS,-556.61,1535256.86,restaurants
2025-07-01,BOLT RIDE,-65.23,576554.03,transport
2025-07-01,KFC,-870.33,817734.62,restaurants
2025-07-02,UBER TRIP,-1352.57,1394547.09,transport
2025-07-03,DSTV,-580.07,1193356.99,entertainment
2025-07-03,PICK N PAY,-215.91,78914.09,groceries
2025-07-03,SHELL PETROL,-781.13,1077831.65,transport
2025-07-03,FREELANCE PAYMENT,22379.1,840113.72,income
2025-07-04,MCDONALDS,-1478.63,1566981.3,restaurants
2025-07-04,NETFLIX.COM,-928.8,1386597.03,entertainment
2025-07-04,FREELANCE PAYMENT,21310.66,545404.08,income
2025-07-04,PICK N PAY,-1495.03,1726023.87,groceries
2025-07-04,BP FUEL,-927.89,404633.49,transport
2025-07-04,SALARY ACME LTD,16652.43,960327.04,income
2025-07-04,CHECKERS,-744.96,1218781.71,groceries
2025-07-04,DSTV,-1442.72,433113.6,entertainment
2025-07-05,STEERS,-986.03,729295.24,restaurants
2025-07-06,TRANSFER FROM SAVINGS,20458.61,312839.86,income
2025-07-06,STEAM PURCHASE,-154.41,1719210.27,entertainment
2025-07-06,DSTV,-229.05,570426.46,entertainment
2025-07-06,VODACOM BILL,-295.53,78824.71,utilities
2025-07-07,TRANSFER FROM SAVINGS,21434.0,1402821.33,income
2025-07-07,BOLT RIDE,-429.87,957592.48,transport
2025-07-07,STEAM PURCHASE,-1137.38,195657.33,entertainment
2025-07-07,NETFLIX.COM,-353.38,860025.74,entertainment
2025-07-08,KFC,-390.29,198008.47,restaurants
2025-07-09,NETFLIX.COM,-1265.55,858347.45,entertainment
2025-07-09,STEERS,-1003.83,1653163.11,restaurants
2025-07-09,STEAM PURCHASE,-372.22,60564.36,entertainment
2025-07-10,SPAR,-686.48,1656863.29,groceries
2025-07-10,ELECTRICITY PREPAID,-618.74,574953.68,utilities
2025-07-10,PICK N PAY,-979.86,881711.4,groceries
2025-07-10,VODACOM BILL,-215.38,890884.85,utilities
2025-07-10,NANDO'S,-288.56,1717559.88,restaurants
2025-07-11,WOOLWORTHS,-85.25,1031280.34,groceries
2025-07-12,BP FUEL,-779.64,888785.49,transport
2025-07-13,UBER TRIP,-1207.9,633931.92,transport
2025-07-13,REFUND,9233.09,865073.43,income
2025-07-13,BOLT RIDE,-1429.63,1390222.23,transport
2025-07-13,SALARY ACME LTD,3587.27,572546.62,income
2025-07-13,STEAM PURCHASE,-723.41,1094528.08,entertainment
2025-07-13,FREELANCE PAYMENT,5964.89,1096334.98,income
2025-07-14,REFUND,10825.89,250901.76,income
2025-07-14,STEERS,-175.75,452425.05,restaurants
2025-07-14,KFC,-813.8,1497827.57,restaurants
2025-07-14,BP FUEL,-958.86,469033.72,transport
2025-07-15,CHECKERS,-1317.96,1296572.97,groceries
2025-07-15,VODACOM BILL,-953.46,1721772.81,utilities
2025-07-15,KFC,-199.95,1465490.74,restaurants
2025-07-15,CITY OF CAPE TOWN WATER,-400.35,1400041.65,utilities
2025-07-15,KFC,-1257.73,194771.39,restaurants
2025-07-15,REFUND,6146.64,1065194.91,income
2025-07-17,NETFLIX.COM,-1173.75,568469.31,entertainment
2025-07-17,STEERS,-588.01,858058.38,restaurants
2025-07-17,MCDONALDS,-428.27,1661102.04,restaurants
2025-07-17,BOLT RIDE,-1146.52,894765.68,transport
2025-07-18,NETFLIX.COM,-1492.88,471354.01,entertainment
2025-07-18,PICK N PAY,-785.38,1086261.4,groceries
2025-07-18,REFUND,22872.33,472846.89,income
2025-07-19,TRANSFER FROM SAVINGS,7895.48,1716277.14,income
2025-07-20,ELECTRICITY PREPAID,-757.44,1092611.03,utilities
2025-07-20,SPAR,-419.59,864462.53,groceries
2025-07-20,BP FUEL,-642.78,224197.61,transport
2025-07-20,NETFLIX.COM,-951.95,570206.86,entertainment
2025-07-20,CITY OF CAPE TOWN WATER,-1143.87,410190.03,utilities
2025-07-21,VODACOM BILL,-69.28,78844.81,utilities
2025-07-22,WOOLWORTHS,-121.39,1517418.56,groceries
2025-07-23,BOLT RIDE,-761.71,1625568.15,transport
2025-07-23,ELECTRICITY PREPAID,-1494.02,705217.62,utilities
2025-07-23,MCDONALDS,-662.67,1091735.18,restaurants
2025-07-24,TRANSFER FROM SAVINGS,22162.06,455275.66,income
2025-07-24,CITY OF CAPE TOWN WATER,-670.69,1018299.65,utilities
2025-07-24,VODACOM BILL,-79.49,765240.55,utilities
2025-07-25,MCDONALDS,-1064.0,1326703.8,restaurants
2025-07-26,UBER TRIP,-1091.27,1217690.44,transport
2025-07-26,ELECTRICITY PREPAID,-249.66,1405622.88,utilities
2025-07-26,CITY OF CAPE TOWN WATER,-1481.13,402862.6,utilities
2025-07-26,SALARY ACME LTD,20149.63,1052012.17,income
2025-07-26,REFUND,17542.91,1481922.25,income
2025-07-26,UBER TRIP,-1025.37,401847.41,transport
2025-07-27,MTN AIRTIME,-373.9,1577694.34,utilities
2025-07-27,MCDONALDS,-1264.32,84381.97,restaurants
2025-07-28,PICK N PAY,-971.43,66374.69,groceries
2025-07-28,MCDONALDS,-1349.98,1723314.52,restaurants
2025-07-31,UBER TRIP,-272.42,839841.3,transport
2025-07-31,SALARY ACME LTD,6032.35,793988.16,income
2025-08-01,SPAR,-27.98,832236.27,groceries
2025-08-02,SALARY ACME LTD,20330.03,238770.55,income
2025-08-02,STEAM PURCHASE,-778.84,1029288.38,entertainment
2025-08-02,CITY OF CAPE TOWN WATER,-1003.95,1321334.09,utilities
2025-08-02,FREELANCE PAYMENT,9008.32,581163.52,income
2025-08-02,MTN AIRTIME,-851.81,1715297.65,utilities
2025-08-03,CHECKERS,-479.75,198398.76,groceries
2025-08-03,SALARY ACME LTD,11116.5,229476.63,income
2025-08-03,BOLT RIDE,-1425.17,905333.78,transport
2025-08-04,UBER TRIP,-840.54,1685986.79,transport
2025-08-04,REFUND,12639.08,1093781.81,income
2025-08-04,PICK N PAY,-313.12,1023277.28,groceries
2025-08-05,WOOLWORTHS,-275.55,858646.39,groceries
2025-08-05,MCDONALDS,-814.37,843757.12,restaurants
2025-08-05,ELECTRICITY PREPAID,-642.61,1576043.94,utilities
2025-08-05,STEERS,-413.34,1093368.47,restaurants
2025-08-06,NETFLIX.COM,-1393.56,1658236.64,entertainment
2025-08-06,MCDONALDS,-873.14,892278.71,restaurants
2025-08-07,WOOLWORTHS,-1352.17,836944.74,groceries
2025-08-08,SPOTIFY,-1185.92,1026789.78,entertainment
2025-08-08,MTN AIRTIME,-1367.98,520408.77,utilities
2025-08-09,SHELL PETROL,-62.59,838768.45,transport
2025-08-09,SPOTIFY,-368.94,1110919.8,entertainment
2025-08-09,MTN AIRTIME,-79.75,705088.96,utilities
2025-08-09,STEERS,-582.2,1078612.78,restaurants
2025-08-09,BOLT RIDE,-798.63,571508.54,transport
2025-08-09,KFC,-1238.72,573659.64,restaurants
2025-08-10,SPOTIFY,-512.75,1691017.82,entertainment
2025-08-11,STEERS,-864.29,1098572.66,restaurants
2025-08-11,SHELL PETROL,-615.51,1469279.5,transport
2025-08-11,NANDO'S,-520.09,1220519.87,restaurants
2025-08-11,FREELANCE PAYMENT,15962.58,1093633.75,income
2025-08-12,REFUND,12101.5,1331261.37,income
2025-08-12,WOOLWORTHS,-252.06,1496538.24,groceries
2025-08-12,FREELANCE PAYMENT,10311.64,816295.79,income
2025-08-12,CHECKERS,-203.07,1689265.24,groceries
2025-08-13,REFUND,13450.39,1367621.93,income
2025-08-13,SPAR,-614.96,1624953.19,groceries
2025-08-13,TRANSFER FROM SAVINGS,10341.43,1138172.63,income
2025-08-13,REFUND,22789.74,662388.72,income
2025-08-13,UBER TRIP,-1108.88,1130414.38,transport
2025-08-15,SPOTIFY,-206.23,870976.03,entertainment
2025-08-16,SPOTIFY,-1083.49,1095251.49,entertainment
2025-08-16,SPOTIFY,-636.29,567062.51,entertainment
2025-08-16,TRANSFER FROM SAVINGS,5441.72,1501979.96,income
2025-08-17,MCDONALDS,-1366.31,907470.55,restaurants
2025-08-17,WOOLWORTHS,-1134.99,1532629.8,groceries
2025-08-17,REFUND,17065.32,1297890.93,income
2025-08-17,UBER TRIP,-296.33,1533764.79,transport
2025-08-17,PICK N PAY,-326.8,60936.58,groceries
2025-08-17,CHECKERS,-421.66,703259.79,groceries
2025-08-18,WOOLWORTHS,-986.33,860493.36,groceries
2025-08-18,CITY OF CAPE TOWN WATER,-1278.93,635139.82,utilities
2025-08-19,DSTV,-1270.81,943674.61,entertainment
2025-08-20,NETFLIX.COM,-563.71,1079194.98,entertainment
2025-08-20,KFC,-1204.33,1187100.15,restaurants
2025-08-20,NETFLIX.COM,-531.3,948543.62,entertainment
2025-08-20,NANDO'S,-1469.74,1128944.64,restaurants
2025-08-21,MTN AIRTIME,-934.66,860130.97,utilities
2025-08-21,ELECTRICITY PREPAID,-321.56,855840.34,utilities
2025-08-21,STEERS,-623.46,958022.35,restaurants
2025-08-21,UBER TRIP,-1467.11,568959.35,transport
2025-08-21,KFC,-1471.84,1659630.2,restaurants
2025-08-21,MTN AIRTIME,-1010.22,1196624.72,utilities
2025-08-21,PICK N PAY,-555.78,1033091.15,groceries
2025-08-21,UBER TRIP,-613.87,885292.49,transport
2025-08-22,MTN AIRTIME,-1418.82,638912.74,utilities
2025-08-22,STEERS,-495.39,704722.23,restaurants
2025-08-22,SALARY ACME LTD,20053.13,218360.13,income
2025-08-22,CHECKERS,-856.41,1322484.52,groceries
2025-08-22,BOLT RIDE,-1071.61,1571877.54,transport
2025-08-23,KFC,-1442.02,1050700.81,restaurants
2025-08-23,WOOLWORTHS,-1073.21,1059976.39,groceries
2025-08-23,SPAR,-453.86,1336517.05,groceries
2025-08-23,UBER TRIP,-938.0,528684.1,transport
2025-08-24,CITY OF CAPE TOWN WATER,-528.8,953379.56,utilities
2025-08-24,ELECTRICITY PREPAID,-1058.46,525208.1,utilities
2025-08-24,VODACOM BILL,-1319.39,1216371.05,utilities
2025-08-25,SALARY ACME LTD,13225.56,1063926.37,income
2025-08-25,PICK N PAY,-23.66,1189092.04,groceries
2025-08-25,VODACOM BILL,-351.32,886966.74,utilities
2025-08-25,STEERS,-974.6,893791.08,restaurants
2025-08-26,ELECTRICITY PREPAID,-1484.57,1033115.16,utilities
2025-08-27,NANDO'S,-1496.89,1398544.76,restaurants
2025-08-27,VODACOM BILL,-875.36,834427.88,utilities
2025-08-27,VODACOM BILL,-658.53,1062121.33,utilities
2025-08-27,STEAM PURCHASE,-1437.48,1467842.02,entertainment
2025-08-30,VODACOM BILL,-797.79,833630.09,utilities
2025-08-30,WOOLWORTHS,-1485.2,82619.74,groceries
2025-08-31,NANDO'S,-683.86,1193937.06,restaurants
2025-08-31,NETFLIX.COM,-700.8,1501279.16,entertainment
2025-08-31,MTN AIRTIME,-622.34,260874.65,utilities
2025-08-31,CITY OF CAPE TOWN WATER,-642.59,1681380.6,utilities
2025-09-01,BOLT RIDE,-614.47,64801.45,transport
2025-09-02,TRANSFER FROM SAVINGS,13862.5,1728586.2,income
2025-09-02,STEERS,-71.58,1465706.31,restaurants
2025-09-02,CHECKERS,-1277.8,949074.92,groceries
2025-09-02,PICK N PAY,-770.66,1602422.75,groceries
2025-09-02,TRANSFER FROM SAVINGS,9174.24,88019.05,income
2025-09-03,UBER TRIP,-980.4,228496.23,transport
2025-09-03,SPAR,-260.27,1540060.44,groceries
2025-09-03,UBER TRIP,-1163.55,1570651.33,transport
2025-09-04,PICK N PAY,-439.19,523372.56,groceries
2025-09-04,CITY OF CAPE TOWN WATER,-247.92,792226.86,utilities
2025-09-04,PICK N PAY,-1436.03,1466373.05,groceries
2025-09-04,PICK N PAY,-576.9,1325027.97,groceries
2025-09-05,SPAR,-886.2,1329567.83,groceries
2025-09-05,PICK N PAY,-1060.38,885906.36,groceries
2025-09-06,KFC,-1322.11,578255.82,restaurants
2025-09-06,BP FUEL,-1274.69,1232912.5,transport
2025-09-06,SPAR,-39.36,864200.73,groceries
2025-09-06,NANDO'S,-882.74,950352.72,restaurants
2025-09-07,UBER TRIP,-1351.54,220632.22,transport
2025-09-07,SALARY ACME LTD,22414.02,682752.96,income
2025-09-07,NETFLIX.COM,-103.56,878195.13,entertainment
2025-09-07,REFUND,24307.65,67346.12,income
2025-09-08,STEAM PURCHASE,-102.29,453038.81,entertainment
2025-09-08,ELECTRICITY PREPAID,-251.83,522855.86,utilities
2025-09-08,UBER TRIP,-1098.93,1325604.87,transport
2025-09-08,SHELL PETROL,-1175.03,577080.79,transport
2025-09-09,MTN AIRTIME,-878.81,81740.93,utilities
2025-09-09,NANDO'S,-491.18,1600919.93,restaurants
2025-09-09,STEERS,-492.14,1640043.96,restaurants
2025-09-09,UBER TRIP,-561.18,1536043.05,transport
2025-09-11,NETFLIX.COM,-1183.82,897532.54,entertainment
2025-09-11,NANDO'S,-119.05,1195032.04,restaurants
2025-09-11,WOOLWORTHS,-412.37,1319378.55,groceries
2025-09-12,BP FUEL,-1326.83,709631.82,transport
2025-09-12,STEERS,-645.26,1328922.57,restaurants
2025-09-13,STEAM PURCHASE,-1173.31,1715103.83,entertainment
2025-09-13,SHELL PETROL,-1356.75,434556.32,transport
2025-09-14,CITY OF CAPE TOWN WATER,-687.32,1320614.61,utilities
2025-09-14,SPAR,-351.07,1081598.67,groceries
2025-09-14,REFUND,5758.62,710958.65,income
2025-09-15,WOOLWORTHS,-50.87,892347.93,groceries
2025-09-16,SPOTIFY,-1010.09,908460.87,entertainment
2025-09-17,WOOLWORTHS,-591.39,952788.17,groceries
2025-09-17,UBER TRIP,-1229.45,224840.39,transport
2025-09-17,SPAR,-1196.81,887318.06,groceries
2025-09-18,BP FUEL,-417.67,1720345.55,transport
2025-09-18,VODACOM BILL,-649.32,861065.63,utilities
2025-09-19,WOOLWORTHS,-1047.71,1400678.8,groceries
2025-09-19,TRANSFER FROM SAVINGS,18837.2,1411573.28,income
2025-09-19,SPOTIFY,-235.42,838296.91,entertainment
2025-09-19,BOLT RIDE,-576.76,959545.11,transport
2025-09-19,STEERS,-697.53,1195716.5,restaurants
2025-09-20,MCDONALDS,-1437.85,519713.07,restaurants
2025-09-20,STEERS,-1428.71,1708381.66,restaurants
2025-09-20,PICK N PAY,-1291.08,1337759.94,groceries
2025-09-20,MTN AIRTIME,-1497.16,1381731.26,utilities
2025-09-20,SHELL PETROL,-422.75,489395.38,transport
2025-09-22,SPAR,-1290.87,1404332.01,groceries
2025-09-23,TRANSFER FROM SAVINGS,23575.42,1681354.84,income
2025-09-23,SALARY ACME LTD,22447.07,705200.03,income
2025-09-23,SPAR,-259.93,734764.24,groceries
2025-09-24,NETFLIX.COM,-1141.32,1052142.83,entertainment
2025-09-24,SHELL PETROL,-836.34,193935.05,transport
2025-09-24,CHECKERS,-169.93,1723144.59,groceries
2025-09-25,MCDONALDS,-1294.51,1682023.19,restaurants
2025-09-25,MCDONALDS,-37.71,718937.61,restaurants
2025-09-26,STEERS,-160.48,1077671.17,restaurants
2025-09-26,SPOTIFY,-1481.68,1281435.43,entertainment
2025-09-26,VODACOM BILL,-471.0,1709810.37,utilities
2025-09-27,CHECKERS,-986.19,1387717.07,groceries
2025-09-28,NETFLIX.COM,-204.65,580958.87,entertainment
2025-09-28,STEERS,-290.38,1392736.08,restaurants
2025-09-29,PICK N PAY,-1402.5,1396707.12,groceries
2025-09-29,STEAM PURCHASE,-338.67,490907.5,entertainment
2025-09-30,MCDONALDS,-471.84,1686827.33,restaurants
2025-09-30,BOLT RIDE,-1077.84,406804.94,transport
2025-09-30,SPAR,-826.85,859666.51,groceries
2025-10-01,CITY OF CAPE TOWN WATER,-62.66,1571814.88,utilities
2025-10-01,SPOTIFY,-841.93,21027.42,entertainment
2025-10-01,WOOLWORTHS,-92.38,1499677.69,groceries
2025-10-01,SPAR,-1157.89,626191.22,groceries
2025-10-02,FREELANCE PAYMENT,13604.86,1693326.71,income
2025-10-02,BP FUEL,-505.11,1396494.58,transport
2025-10-02,REFUND,6536.54,1323225.83,income
2025-10-03,DSTV,-1088.53,895912.2,entertainment
2025-10-03,TRANSFER FROM SAVINGS,14995.1,123171.45,income
2025-10-03,TRANSFER FROM SAVINGS,2898.21,240075.87,income
2025-10-03,REFUND,20226.95,1469895.01,income
2025-10-04,BP FUEL,-787.56,1188304.48,transport
2025-10-04,VODACOM BILL,-1243.56,405561.38,utilities
2025-10-04,WOOLWORTHS,-758.36,731363.99,groceries
2025-10-04,SPAR,-768.92,1018970.34,groceries
2025-10-05,UBER TRIP,-343.93,1381387.33,transport
2025-10-05,DSTV,-1146.19,1397398.57,entertainment
2025-10-05,MTN AIRTIME,-436.84,1215782.8,utilities
2025-10-05,CITY OF CAPE TOWN WATER,-290.49,521150.92,utilities
2025-10-06,UBER TRIP,-745.77,85646.29,transport
2025-10-06,SPAR,-458.95,805984.15,groceries
2025-10-06,KFC,-1491.3,882691.26,restaurants
2025-10-06,STEAM PURCHASE,-460.92,4539.08,entertainment
2025-10-06,BP FUEL,-1254.27,1383609.53,transport
2025-10-07,NANDO'S,-451.44,1111288.74,restaurants
2025-10-07,SHELL PETROL,-138.33,792474.78,transport
2025-10-08,STEERS,-1130.33,1366491.6,restaurants
2025-10-08,VODACOM BILL,-881.28,641202.33,utilities
2025-10-09,WOOLWORTHS,-203.14,572412.49,groceries
2025-10-09,DSTV,-1091.9,1089070.44,entertainment
2025-10-09,REFUND,20629.12,1436949.17,income
2025-10-09,CHECKERS,-191.24,1387525.83,groceries
2025-10-09,FREELANCE PAYMENT,18743.96,190109.24,income
2025-10-10,CHECKERS,-219.42,810357.51,groceries
2025-10-10,TRANSFER FROM SAVINGS,4170.54,1053284.15,income
2025-10-10,PICK N PAY,-174.35,334452.11,groceries
2025-10-11,NETFLIX.COM,-51.03,7381.51,entertainment
2025-10-12,BP FUEL,-293.94,122877.51,transport
2025-10-12,STEAM PURCHASE,-1175.76,1536604.23,entertainment
2025-10-12,NETFLIX.COM,-75.83,838831.04,entertainment
2025-10-14,STEAM PURCHASE,-733.21,572307.17,entertainment
2025-10-15,SHELL PETROL,-1204.48,1577539.64,transport
2025-10-15,TRANSFER FROM SAVINGS,18472.31,1592668.57,income
2025-10-15,TRANSFER FROM SAVINGS,11492.64,202552.44,income
2025-10-16,MTN AIRTIME,-1337.06,807927.5,utilities
2025-10-16,SHELL PETROL,-713.05,862004.59,transport
2025-10-16,MCDONALDS,-1123.13,1716436.75,restaurants
2025-10-17,MCDONALDS,-952.66,226567.88,restaurants
2025-10-17,BP FUEL,-142.56,1450507.99,transport
2025-10-17,DSTV,-1261.62,1082372.61,entertainment
2025-10-17,KFC,-1365.33,1396033.24,restaurants
2025-10-18,WOOLWORTHS,-1475.38,885096.46,groceries
2025-10-18,SPAR,-840.8,1335676.25,groceries
2025-10-18,SPOTIFY,-115.23,1539803.68,entertainment
2025-10-19,CHECKERS,-814.28,870161.75,groceries
2025-10-19,TRANSFER FROM SAVINGS,16735.61,719995.4,income
2025-10-20,ELECTRICITY PREPAID,-701.4,623755.43,utilities
2025-10-20,NETFLIX.COM,-1036.32,1498641.37,entertainment
2025-10-20,UBER TRIP,-935.22,1517539.95,transport
2025-10-21,KFC,-806.94,1452073.5,restaurants
2025-10-21,REFUND,19850.6,1083813.72,income
2025-10-22,SALARY ACME LTD,24415.24,1221039.96,income
2025-10-22,SPAR,-1429.47,573524.21,groceries
2025-10-23,FREELANCE PAYMENT,24003.24,292654.55,income
2025-10-23,NETFLIX.COM,-733.42,1409652.86,entertainment
2025-10-23,PICK N PAY,-1357.49,1200108.39,groceries
2025-10-24,UBER TRIP,-728.09,577948.26,transport
2025-10-24,MCDONALDS,-40.44,1713212.64,restaurants
2025-10-24,SPAR,-756.5,1337003.44,groceries
2025-10-25,SALARY ACME LTD,3095.57,198307.0,income
2025-10-25,BOLT RIDE,-869.32,191059.8,transport
2025-10-25,TRANSFER FROM SAVINGS,6925.51,1658403.85,income
2025-10-26,DSTV,-134.69,864240.09,entertainment
2025-10-26,NETFLIX.COM,-296.85,864165.68,entertainment
2025-10-26,PICK N PAY,-411.12,1194620.92,groceries
2025-10-27,BP FUEL,-88.18,1307673.8,transport
2025-10-27,SHELL PETROL,-1284.69,1519433.79,transport
2025-10-27,MCDONALDS,-608.09,1395186.95,restaurants
2025-10-27,VODACOM BILL,-229.58,1535813.47,utilities
2025-10-28,STEAM PURCHASE,-498.68,571158.81,entertainment
2025-10-28,TRANSFER FROM SAVINGS,8155.35,1604312.15,income
2025-10-28,PICK N PAY,-640.49,7432.54,groceries
2025-10-28,BOLT RIDE,-403.94,636418.75,transport
2025-10-29,CHECKERS,-545.14,1097470.93,groceries
2025-10-29,FREELANCE PAYMENT,19403.69,390925.58,income
2025-10-30,CHECKERS,-417.75,1033092.47,groceries
2025-10-30,BOLT RIDE,-1463.73,863609.7,transport
2025-10-30,PICK N PAY,-1207.45,1031885.02,groceries
2025-10-30,STEERS,-632.85,605926.03,restaurants
2025-10-30,MCDONALDS,-380.13,1714723.7,restaurants
2025-10-30,KFC,-1300.47,703421.76,restaurants
2025-10-31,STEAM PURCHASE,-525.64,573134.0,entertainment
2025-10-31,KFC,-781.74,1676784.09,restaurants
2025-11-01,ELECTRICITY PREPAID,-1177.28,1064017.63,utilities
2025-11-02,BP FUEL,-608.83,398348.36,transport
2025-11-02,WOOLWORTHS,-979.73,574898.36,groceries
2025-11-02,REFUND,24893.46,910185.95,income
2025-11-02,ELECTRICITY PREPAID,-278.02,724476.45,utilities
2025-11-02,CHECKERS,-744.57,858921.94,groceries
2025-11-03,CHECKERS,-295.31,842718.59,groceries
2025-11-04,SHELL PETROL,-1439.05,352554.6,transport
2025-11-04,STEERS,-445.9,195211.43,restaurants
2025-11-05,MTN AIRTIME,-1110.36,625080.86,utilities
2025-11-05,ELECTRICITY PREPAID,-235.44,642083.61,utilities
2025-11-05,DSTV,-828.49,1093699.59,entertainment
2025-11-05,MTN AIRTIME,-625.6,1714672.05,utilities
2025-11-05,REFUND,23250.14,356966.76,income
2025-11-06,FREELANCE PAYMENT,11549.51,262321.13,income
2025-11-06,NETFLIX.COM,-1206.5,899849.21,entertainment
2025-11-06,BP FUEL,-1289.97,1050164.19,transport
2025-11-06,BP FUEL,-767.93,1541758.2,transport
2025-11-07,MCDONALDS,-1425.85,1355668.27,restaurants
2025-11-07,NANDO'S,-777.97,877417.16,restaurants
2025-11-07,CITY OF CAPE TOWN WATER,-899.32,1725124.55,utilities
2025-11-07,NANDO'S,-607.86,1186492.29,restaurants
2025-11-07,STEERS,-222.51,1397176.41,restaurants
2025-11-07,SHELL PETROL,-929.66,398957.19,transport
2025-11-08,DSTV,-437.72,661624.92,entertainment
2025-11-08,MTN AIRTIME,-563.08,1464927.66,utilities
2025-11-09,MTN AIRTIME,-287.05,1033510.22,utilities
2025-11-09,STEERS,-317.86,1388703.26,restaurants
2025-11-10,MCDONALDS,-1089.93,1538970.51,restaurants
2025-11-10,TRANSFER FROM SAVINGS,9371.07,579577.93,income
2025-11-11,CHECKERS,-338.99,1031546.03,groceries
2025-11-12,UBER TRIP,-1461.71,141687.51,transport
2025-11-13,SHELL PETROL,-1324.4,354144.83,transport
2025-11-13,ELECTRICITY PREPAID,-293.04,85609.68,utilities
2025-11-14,SHELL PETROL,-330.64,809525.62,transport
2025-11-14,BOLT RIDE,-847.07,1537779.99,transport
2025-11-14,FREELANCE PAYMENT,2154.33,5942.64,income
2025-11-15,KFC,-1012.68,1340671.66,restaurants
2025-11-15,TRANSFER FROM SAVINGS,3440.76,861499.14,income
2025-11-15,STEAM PURCHASE,-298.76,191929.12,entertainment
2025-11-16,STEERS,-1259.6,1197363.21,restaurants
2025-11-17,BOLT RIDE,-414.94,260459.71,transport
2025-11-19,VODACOM BILL,-48.53,1062779.86,utilities
2025-11-19,PICK N PAY,-723.31,1319587.3,groceries
2025-11-19,WOOLWORTHS,-544.39,1155511.1,groceries
2025-11-19,BOLT RIDE,-45.75,871182.26,transport
2025-11-20,SALARY ACME LTD,5462.4,954006.02,income
2025-11-20,UBER TRIP,-257.76,1538712.75,transport
2025-11-20,DSTV,-305.83,867615.15,entertainment
2025-11-20,VODACOM BILL,-1183.07,886571.84,utilities
2025-11-20,NANDO'S,-624.48,572899.73,restaurants
2025-11-21,VODACOM BILL,-1225.96,408497.54,utilities
2025-11-21,MTN AIRTIME,-1483.15,1626329.86,utilities
2025-11-21,SHELL PETROL,-1057.11,1199008.09,transport
2025-11-22,NANDO'S,-90.61,1500019.65,restaurants
2025-11-22,STEAM PURCHASE,-249.58,1499770.07,entertainment
2025-11-22,STEAM PURCHASE,-75.87,1136063.49,entertainment
2025-11-22,WOOLWORTHS,-151.18,353993.65,groceries
2025-11-23,BOLT RIDE,-1123.54,1467809.08,transport
2025-11-23,KFC,-434.78,1691530.57,restaurants
2025-11-23,VODACOM BILL,-1489.64,1589205.02,utilities
2025-11-24,BOLT RIDE,-69.5,1059048.27,transport
2025-11-24,NANDO'S,-1494.43,63307.02,restaurants
2025-11-25,KFC,-1097.98,1062828.39,restaurants
2025-11-25,FREELANCE PAYMENT,21786.6,334626.46,income
2025-11-25,SHELL PETROL,-452.83,887754.91,transport
2025-11-25,BP FUEL,-1466.29,268651.31,transport
2025-11-26,UBER TRIP,-350.54,521441.41,transport
2025-11-26,REFUND,3953.12,43038.47,income
2025-11-26,SHELL PETROL,-934.43,838906.87,transport
2025-11-26,NANDO'S,-21.65,85902.72,restaurants
2025-11-26,BP FUEL,-1118.74,1603193.41,transport
2025-11-26,UBER TRIP,-316.95,572095.54,transport
2025-11-27,SALARY ACME LTD,20003.98,110975.07,income
2025-11-27,SPAR,-491.42,1662846.94,groceries
2025-11-28,MTN AIRTIME,-114.88,624965.98,utilities
2025-11-28,TRANSFER FROM SAVINGS,3626.89,627349.11,income
2025-11-29,DSTV,-457.22,1657779.42,entertainment
2025-11-29,BP FUEL,-89.71,1339425.48,transport
2025-11-30,SPAR,-225.61,623529.82,groceries
2025-11-30,SPAR,-179.43,260280.28,groceries
2025-12-01,WOOLWORTHS,-1213.12,1030067.22,groceries
2025-12-01,MCDONALDS,-457.69,8073.03,restaurants
2025-12-01,SPOTIFY,-163.8,1592504.77,entertainment
2025-12-02,BOLT RIDE,-1309.31,400183.51,transport
2025-12-02,SPAR,-887.79,1322338.04,groceries
2025-12-02,DSTV,-1201.11,1389021.12,entertainment
2025-12-02,PICK N PAY,-759.13,108176.35,groceries
2025-12-02,CITY OF CAPE TOWN WATER,-942.0,818604.95,utilities
2025-12-02,STEERS,-491.25,807436.25,restaurants
2025-12-03,SALARY ACME LTD,20839.27,642319.05,income
2025-12-03,TRANSFER FROM SAVINGS,21757.03,1252820.31,income
2025-12-03,SPAR,-1050.58,1049113.61,groceries
2025-12-04,CHECKERS,-260.79,1716149.46,groceries
2025-12-04,NETFLIX.COM,-1036.51,1282917.11,entertainment
2025-12-04,WOOLWORTHS,-63.1,1033028.05,groceries
2025-12-05,STEERS,-1433.93,727861.31,restaurants
2025-12-06,CHECKERS,-460.05,1724664.5,groceries
2025-12-07,REFUND,16553.49,808404.08,income
2025-12-08,FREELANCE PAYMENT,20088.68,1235178.07,income
2025-12-09,BOLT RIDE,-1439.66,1677565.83,transport
2025-12-09,SHELL PETROL,-1353.24,91342.78,transport
2025-12-09,WOOLWORTHS,-1367.57,717570.04,groceries
2025-12-10,WOOLWORTHS,-554.88,744276.65,groceries
2025-12-11,MCDONALDS,-218.06,504782.92,restaurants
2025-12-11,STEERS,-722.71,1410386.28,restaurants
2025-12-11,SPAR,-735.49,333716.62,groceries
2025-12-12,PICK N PAY,-807.44,219824.78,groceries
2025-12-12,STEERS,-1369.78,401492.82,restaurants
2025-12-13,BP FUEL,-395.32,1090825.12,transport
2025-12-13,MCDONALDS,-1154.77,1327767.8,restaurants
2025-12-13,SHELL PETROL,-1005.38,570581.61,transport
2025-12-14,TRANSFER FROM SAVINGS,15605.6,505000.98,income
2025-12-14,MCDONALDS,-493.73,519219.34,restaurants
2025-12-14,REFUND,17073.15,1640536.1,income
2025-12-14,KFC,-1361.43,469992.58,restaurants
2025-12-15,FREELANCE PAYMENT,14956.02,1112426.95,income
2025-12-16,STEERS,-722.0,87870.65,restaurants
2025-12-16,PICK N PAY,-357.14,1719988.41,groceries
2025-12-17,CITY OF CAPE TOWN WATER,-533.77,529622.1,utilities
2025-12-17,KFC,-1329.5,1083634.23,restaurants
2025-12-17,BP FUEL,-1250.98,860248.16,transport
2025-12-18,SALARY ACME LTD,17878.9,522661.82,income
2025-12-18,VODACOM BILL,-818.1,200963.59,utilities
2025-12-19,NANDO'S,-1464.4,1318033.06,restaurants
2025-12-19,STEAM PURCHASE,-297.88,1220221.99,entertainment
2025-12-20,BP FUEL,-1201.41,84104.94,transport
2025-12-21,SALARY ACME LTD,16618.32,572212.79,income
2025-12-22,PICK N PAY,-493.49,879070.4,groceries
2025-12-22,KFC,-236.12,838532.33,restaurants
2025-12-22,STEERS,-1030.22,39085.35,restaurants
2025-12-23,WOOLWORTHS,-1187.06,61953.16,groceries
2025-12-23,BOLT RIDE,-408.15,867207.0,transport
2025-12-24,KFC,-638.56,1402962.57,restaurants
2025-12-24,STEERS,-699.54,1395795.04,restaurants
2025-12-24,TRANSFER FROM SAVINGS,14487.84,21869.35,income
2025-12-25,SPOTIFY,-1004.59,1090730.59,entertainment
2025-12-25,KFC,-685.84,1683969.48,restaurants
2025-12-26,DSTV,-1169.19,415670.98,entertainment
2025-12-26,KFC,-1011.68,1466830.34,restaurants
2025-12-27,SALARY ACME LTD,20603.46,1131523.26,income
2025-12-27,UBER TRIP,-1386.77,199576.82,transport
2025-12-27,WOOLWORTHS,-125.34,867920.98,groceries
2025-12-28,SALARY ACME LTD,3230.1,705168.71,income
2025-12-28,SPAR,-254.02,1283953.62,groceries
2025-12-28,MTN AIRTIME,-1117.14,1623462.95,utilities
2025-12-29,BOLT RIDE,-1443.53,953908.36,transport
2025-12-29,BOLT RIDE,-1355.7,1036246.61,transport
2025-12-30,TRANSFER FROM SAVINGS,2710.03,1578068.24,income
2025-12-30,NANDO'S,-1308.8,527375.3,restaurants
2025-12-30,BP FUEL,-176.72,1396999.69,transport
2025-12-30,FREELANCE PAYMENT,22163.53,864882.12,income
2025-12-30,STEAM PURCHASE,-1072.47,902327.52,entertainment
2025-12-31,SALARY ACME LTD,4137.18,909470.96,income
2025-12-31,NANDO'S,-1379.31,1080219.36,restaurants
2025-12-31,VODACOM BILL,-1233.97,871699.71,utilities
2025-12-31,CITY OF CAPE TOWN WATER,-1435.52,732122.35,utilities
2026-01-01,WOOLWORTHS,-1104.24,1294710.44,groceries
2026-01-01,STEERS,-642.46,1234187.19,restaurants
2026-01-01,NANDO'S,-800.47,623722.22,restaurants
2026-01-01,BOLT RIDE,-674.08,1020652.89,transport
